PageTitle,Category,DontLinkCat,SubCategory,SubCatNotLink,Item,SubItem,ItemLevel3
Health Education,,,,,,,
,Aging,,,,,,
,,,,,Generations,,
,,,,,Growing Up,,
,,,,,Maturity,,
,,,,,Memory,,
,,,,,Memories,,
,,,,,Retirement,,
,Body,,,,,,
,,,,,Appearance,,
,,,,,Body Image,,
,,,,,Body Parts,,
,,,,,,Bones,
,,,,,,Teeth,
,,,,,Height,,
,,,,,Overweight,,
,,,,,Overeating,,
,,,,,Shadows,,
,,,,,Sizes,,
,,,,,Weight Loss,,
,Drugs,,,,,,
,,,,,Alcohol,,
,,,,,Alcoholism,,
,,,,,Tobacco,,
,Exercise,,,,,,
,,,,,Biking,,
,,,,,Bowling,,
,,,,,Climbing,,
,,,,,Dancing,,
,,,,,Diving,,
,,,,,Hiking,,
,,,,,Hopping,,
,,,,,Juggling,,
,,,,,Jumping,,
,,,,,Playing,,
,,,,,Running,,
,,,,,Skateboarding,,
,,,,,Skating,,
,,,,,Skiing,,
,,,,,Skipping,,
,,,,,Sledding,,
,,,,,Sliding,,
,,,,,Surfing,,
,,,,,Swimming,,
,,,,,Swinging,,
,,,,,Walking,,
,Feelings,,,,,,
,,,,,Acceptance,,
,,,,,Affection,,
,,,,,Anger,,
,,,,,Apology,,
,,,,,Appreciation,,
,,,,,Beliefs,,
,,,,,Bravery,,
,,,,,Caring,,
,,,,,Confusion,,
,,,,,Daydreaming,,
,,,,,Depression,,
,,,,,Disappointment,,
,,,,,Embarrassment,,
,,,,,Emotions,,
,,,,,Empathy,,
,,,,,Envy,,
,,,,,Evil,,
,,,,,Excitement,,
,,,,,Fair,,
,,,,,Fear,,
,,,,,Forgiveness,,
,,,,,Frustration,,
,,,,,Giving,,
,,,,,Greed,,
,,,,,Grief,,
,,,,,Guilt,,
,,,,,Happiness,,
,,,,,Helping,,
,,,,,Honesty,,
,,,,,Hope,,
,,,,,Humor,,
,,,,,Insecurity,,
,,,,,Jealousy,,
,,,,,Kindness,,
,,,,,Loneliness,,
,,,,,Loss,,
,,,,,Love,,
,,,,,Loyalty,,
,,,,,Patience,,
,,,,,Peace,,
,,,,,Relief,,
,,,,,Sadness,,
,,,,,Sharing,,
,,,,,Unselfish,,
,,,,,Worry,,
,Five Senses,,,,,,
,,,,,Sight,,
,,,,,,Vision,
,,,,,,Binoculars,
,,,,,,Glasses,
,,,,,,Mirror,
,,,,,Sounds,,
,,,,,,Echo,
,,,,,,Hearing,
,,,,,,Noise,
,,,,,Smell,,
,,,,,Taste,,
,,,,,Touch,,
,Habit,,,,,,
,Health,,,,,,
,Hygiene,,,,,,
,,,,,Bath,,
,,,,,Cleanliness,,
,Learning,,,,,,
,Skills,,,,,,
,,,,,Communication,,
,,,,,,Nonverbal Communication,
,,,,,,Verbal Communication,
,,,,,Confict Resolution,,
,,,,,Critical Thinking,,
,,,,,Decision Making,,
,,,,,Goal Setting,,
,,,,,Investigation,,
,,,,,Literal Interpretation,,
,,,,,Observation,,
,,,,,Problem Solving,,
,,,,,Refusal Skills,,
,,,,,Stress Management,,
,,,,,,Adaptation,
,,,,,,Change,
,,,,,,Chaos,
,,,,,,Conflict,
,,,,,,Consequences,
,,,,,,Coping,
,,,,,,Crisis,
,,,,,,Death,
,,,,,,Sympathy,
,,,,,,Divorce,
,,,,,,Homesickness,
,,,,,,Loss,
,,,,,,Moving,
,Medicine,,,,,,
,,,,,Careers,,
,,,,,,Dentist,
,,,,,,Teeth,
,,,,,,Doctor,
,,,,,,Nurse,
,,,,,Conditions,Allergies,
,,,,,,Autism,
,,,,,,Epilepsy,
,,,,,,Senility,
,,,,,,Miscarriage,
,,,,,,Tourette Syndrome,
,,,,,Diseases,,
,,,,,,Aids,
,,,,,,Alcoholism,
,,,,,,Alzheimer's Disease,
,,,,,,Arthritis,
,,,,,,Asthma,
,,,,,,Cancer,
,,,,,,Chicken Pox,
,,,,,,Diabetes,
,,,,,,Measles,
,,,,,Disability,,
,,,,,,Blindness,
,,,,,,Deafness,
,,,,,,Handicap,
,,,,,,Hearing Impaired,
,,,,,Disorders,,
,,,,,,Down's Syndrome,
,,,,,,Bipolar,
,,,,,,Shyness,
,,,,,,Stuttering,
,,,,,,Handicap,
,,,,,Illness,,
,,,,,,Cold,
,Nutrition,,,,,,
,,,,,Baking,,
,,,,,Beverage,,
,,,,,Cooking,,
,,,,,Food,,
,,,,,,Candy,
,,,,,,Fruit,
,,,,,,Vegetables,
,,,,,Hunger,,
,,,,,Market,,
,,,,,Picnic,,
,,,,,Recipe,,
,,,,,Restaurant,,
,Play,,,,,,
,,,,,Activities,,
,,,,,Adventures,,
,,,,,Fun,,
,,,,,Games,,
,,,,,Playing,,
,,,,,Playground,,
,,,,,Recreation,,
,,,,,Relaxation,,
,,,,,Toys,,
,,,,,,Balloon,
,,,,,,Dolls,
,,,,,,Kite,
,,,,,,Puppets,
,Psychology,1,,,,,
,,,,,Discipline,,
,,,,,,Aggression,
,,,,,,Argument,
,,,,,,Assertiveness,
,,,,,,Behavior,
,,,,,,Bully,
,,,,,,Cooperation,
,,,,,,Competition,
,,,,,,Compromise,
,,,,,,Consequences,
,,,,,,Deception,
,,,,,,Destruction,
,,,,,,Differences,
,,,,,,Dishonesty,
,,,,,,Disobedience,
,,,,,,Fight,
,,,,,,Misbehavior,
,,,,,,Mischief,
,,,,,,Mistake,
,,,,,,Misunderstanding,
,,,,,,Obedience,
,,,,,,Peer Resistance,
,,,,,,Pretend,
,,,,,,Refusal Skills,
,,,,,,Resolution,
,,,,,,Revenge,
,,,,,,Rude,
,,,,,,Selfishness,
,,,,,,Sly,
,,,,,,Teasing,
,,,,,,Trick,
,,,,,,Trust,
,,,,,,Truth,
,,,,,Identification,,
,,,,,,Attention,
,,,,,,Awareness,
,,,,,,Disguise,
,,,,,,Gender,
,,,,,,Identity,
,,,,,,Independence,
,,,,,,Individuality,
,,,,,,Imitation,
,,,,,,Leadership,
,,,,,,Pride,
,,,,,,Role Model,
,,,,,,Self Confidence,
,,,,,,Self Esteem,
,,,,,,Uniqueness,
,,,,,Intelligence,,
,,,,,,Creativity,
,,,,,,Curiosity,
,,,,,,Exploration,
,,,,,,Future,
,,,,,,Discovery,
,,,,,,Imagination,
,,,,,,Inventions,
,,,,,,Questions,
,,,,,,Wisdom,
,,,,,,,
,,,,,Motivation,,
,,,,,,Accomplishment,
,,,,,,Ambition,
,,,,,,Anticipation,
,,,,,,Apathy,
,,,,,,Attention,
,,,,,,Boredom,
,,,,,,Challenges,
,,,,,,Confidence,
,,,,,,Contentment,
,,,,,,Courage,
,,,,,,Dedication,
,,,,,,Determination,
,,,,,,Encouragement,
,,,,,,Forgetful,
,,,,,,Hard Work,
,,,,,,Laziness,
,,,,,,Passion,
,,,,,,Persistence,
,,,,,,Practice,
,,,,,,Procrastination,
,,,,,,Progress,
,,,,,,Security,
,,,,,,Shyness,
,,,,,,Success,
,Safety,,,,,,
,,,,,Accidents,,
,,,,,Disasters,,
,,,,,Emergency,,
,,,,,Injury,,
,,,,,Lost,,
,,,,,Disappearance,,
,,,,,Escape,,
,,,,,Kidnapped,,
,,,,,Missing,,
,,,,,Rescue,,
,,,,,Running Away,,
,,,,,Separation,,
,,,,,Protection,,
,,,,,Survival,,
,Sexuality,,,,,,
,,,,,Homosexuality,,
,,,,,Pregnancy,,
,,,,,,Birth,
,,,,,,Miscarriage,
,,,,,,New Baby,
,Sleep,,,,,,
,,,,,Bedtime,,
,,,,,Dreams,,
,,,,,Quiet,,