PageTitle,Category,DontLinkCat,SubCategory,SubCatNotLink,Item,SubItem,ItemLevel3,LinkTextOverride
Mathematics,,,,,,,,
,Concepts,,,,,,,
,,,,,Numbers,,,
,,,,,Measurement,,,
,,,,,,Capacity,,
,,,,,Pattern,,,
,,,,,Shape,,,
,,,,,Variety,,,
,Time,,,,,,,
,,,,,Calendar,,,
,,,,,Day,,,
,,,,,Days of the Week,,,
,,,,,Morning,,,
,,,,,Month,,,
,,,,,Night,,,
,,,,,,,,
,Skills,,,,,,,
,,,,,Counting,,,
,,,,,Graphing,,,
,,,,,Observation,,,
,,,,,Prediction,,,
,,,,,Problem Solving,,,
,,,,,Repetition,,,
,,,,,Sequence,,,
,,,,,Trading,,,