PageTitle,Category,DontLinkCat,SubCategory,SubCatIsLink,Item,SubItem
Social Studies,,,,,,
,Celebration,,,,,
,,,,,Anniversary,
,,,,,Birthday,
,,,,,Ceremony,
,,,,,Marriage,
,,,,,Party,
,,,,,Picnic,
,,,,,Preparation,
,,,,,Reunion,
,,,,,Surprises,
,,,,,Wedding,
,Community,,,,,
,,,,,Closeness,
,,,,,Companion,
,,,,,Crowd,
,,,,,Friendship,
,,,,,Neighbors,
,,,,,Relationship,
,,,,,Population,
,,,,,Privacy,
,,,,,Reunion,
,,,,,Teamwork,
,,,,,Village,
,,,,,Volunteer,
,Country and Regions,,,,,
,,,,,Africa,
,,,,,America,
,,,,,Antarctica,
,,,,,Arctic,
,,,,,Australia,
,,,,,Austria,
,,,,,Bangladesh,
,,,,,Belize,
,,,,,Bulgaria,
,,,,,Canada,
,,,,,Central America,
,,,,,China,
,,,,,Congo,
,,,,,Costa Rica,
,,,,,Croatia,
,,,,,Egypt,
,,,,,El Salvador,
,,,,,England,
,,,,,Europe,
,,,,,France,
,,,,,Germany,
,,,,,Ghana,
,,,,,Greece,
,,,,,Hmong,
,,,,,India,
,,,,,Iraq,
,,,,,Ireland,
,,,,,Israel,
,,,,,Italy,
,,,,,Jamaica,
,,,,,Japan,
,,,,,Kazakhstan,
,,,,,Korea,
,,,,,Malaysia,
,,,,,Mexico,
,,,,,Netherlands,
,,,,,Poland,
,,,,,Puerto Rico,
,,,,,Russia,
,,,,,Scotland,
,,,,,Spain,
,,,,,Sweden,
,,,,,Tanzania,
,,,,,Thailand,
,,,,,Trinidad,
,,,,,Uganda,
,,,,,United States,
,,,,,Wales,
,,,,,Zimbabwe,
,Culture,,,,,
,,,,,Ethnic,
,,,,,Humanity,
,Customs,,,,,
,,,,,Clothing,
,,,,,,Mittens
,,,,,,Shoes
,,,,,Jewelry,
,,,,,Mask,
,,,,,Quilt,
,,,,,Sewing,
,,,,,Pattern,
,,,,,Trading,
,,,,,Wool,
,Family,,,,,
,,,,,Baby,
,,,,,Adoption,
,,,,,Birth,
,,,,,Child Care,
,,,,,Foster Care,
,,,,,Orphan,
,,,,,Grandparents,
,,,,,Parents,
,,,,,Pets,
,,,,,Siblings,
,,,,,Stepfather,
,,,,,Stepmother,
,,,,,Working Mother,
,Geography,,,,,
,,,,,Direction,
,,,,,Maps,
,,,,,Signs,
,,,,,Travel,
,,,,,Trip,
,HISTORY,,,,,
,,,,,Autobiography,
,,,,,Biography,
,,,,,Heroism,
,,,,,Immigrants,
,,,,,Peace,
,,,,,Pilgrims,
,,,,,Pioneers,
,,,,,Pirates,
,,,,,Progress,
,,,,,Refugee,
,,,,,Settlers,
,,,,,Slavery,
,,,,,Underground Railroad,
,,,,,War,
,Holidays,,,,,
,,,,,April Fool's Day,
,,,,,Christmas,
,,,,,Cinco de Mayo,
,,,,,Day of the Dead,
,,,,,Earth Day,
,,,,,Easter,
,,,,,Father's Day,
,,,,,Fourth of July,
,,,,,Groundhog's Day,
,,,,,Halloween,
,,,,,Hanukkah,
,,,,,Independence Day,
,,,,,Kwanzaa,
,,,,,Memorial Day,
,,,,,Mother's Day,
,,,,,New Year,
,,,,,Passover,
,,,,,Ramadan,
,,,,,St.Patrick's Day,
,,,,,Thanksgiving,
,,,,,Valentine's Day,
,Law,,,,,
,,,,,Conformity,
,,,,,Justice,
,,,,,License,
,Manners and Respect,,,,,
,,,,,Acceptance,
,,,,,Appreciation,
,,,,,Beliefs,
,,,,,Bias,
,,,,,Comparisons,
,,,,,Differences,
,,,,,Discrimination,
,,,,,Diversity,
,,,,,Equality,
,,,,,Fair,
,,,,,Freedom,
,,,,,Gossip,
,,,,,Honesty,
,,,,,Listening,
,,,,,Opinions,
,,,,,Perspective,
,,,,,Prejudice,
,,,,,Privacy,
,,,,,Racism,
,,,,,Recognition,
,,,,,Resentment,
,,,,,Respect,
,,,,,Secrets,
,,,,,Segregation,
,,,,,Similarities,
,,,,,Stereotypes,
,,,,,Support,
,,,,,Understanding,
,Multicultural,,,,,Identity and Language
,,,,,Aborigine,
,,,,,Afghani,
,,,,,African,
,,,,,African American,
,,,,,American,
,,,,,Amish,
,,,,,Appalachian,
,,,,,Arab,
,,,,,Arabian,
,,,,,Arabic,
,,,,,Armenian,
,,,,,Asian,
,,,,,Asian American,
,,,,,Australian,
,,,,,Bolivian,
,,,,,Bosnian,
,,,,,British,
,,,,,Cajun,
,,,,,Cambodian,
,,,,,Canadian,
,,,,,Caribbean,
,,,,,Chinese,
,,,,,Chinese American,
,,,,,Colombian,
,,,,,Creole,
,,,,,Czech,
,,,,,Danish,
,,,,,Dutch,
,,,,,Egyptian,
,,,,,English,
,,,,,Eskimo,
,,,,,Filipino,
,,,,,French,
,,,,,German,
,,,,,Greek,
,,,,,Guatemalan,
,,,,,Haitian,
,,,,,Hawaiian,
,,,,,Hebrew,
,,,,,Hindu,
,,,,,Hindi,
,,,,,Hispanic,
,,,,,Honduran,
,,,,,Hungarian,
,,,,,Indian,
,,,,,Indonesian,
,,,,,Iranian,
,,,,,Iraq,
,,,,,Irish,
,,,,,Israeli,
,,,,,Italian,
,,,,,Jamaican,
,,,,,Japanese,
,,,,,Jewish,
,,,,,Kenyan,
,,,,,Korean,
,,,,,Latin,
,,,,,Lebanese,
,,,,,Mexican,
,,,,,Mexican American,
,,,,,Moldavian,
,,,,,Moroccan,
,,,,,Native American,
,,,,,Nepali,
,,,,,Nigerian,
,,,,,Norwegian,
,,,,,Pakistani,
,,,,,Persian,
,,,,,Polish,
,,,,,Puerto Rican,
,,,,,Quakers,
,,,,,Romanian,
,,,,,Russian,
,,,,,Scandinavian,
,,,,,Scottish,
,,,,,Shakers,
,,,,,South American,
,,,,,Spanish,
,,,,,Swedish,
,,,,,Swiss,
,,,,,Thai,
,,,,,Turkish,
,,,,,Ukrainian,
,,,,,Welch,
,,,,,Vietnamese,
,PLACES TO VISIT,,,,,
,,,,,Barn,
,,,,,Beach,
,,,,,Cabin,
,,,,,Canyon,
,,,,,Carnival,
,,,,,Castle,
,,,,,Cave,
,,,,,Church,
,,,,,Circus,
,,,,,Fair,
,,,,,Farm,
,,,,,Fireworks,
,,,,,Forest,
,,,,,Garden,
,,,,,Hospital,
,,,,,Island,
,,,,,Jungle,
,,,,,Library,
,,,,,Lighthouse,
,,,,,Market,
,,,,,Monuments,
,,,,,Museum,
,,,,,Opera,
,,,,,Parade,
,,,,,Park,
,,,,,Picnic,
,,,,,Playground,
,,,,,Prison,
,,,,,Pyramid,
,,,,,Ranch,
,,,,,Restaurant,
,,,,,Rodeo,
,,,,,School,
,,,,,,Education
,,,,,,Instruction
,,,,,,Teaching
,,,,,Shopping,
,,,,,Temple,
,,,,,Theatre,
,,,,,Woods,
,,,,,Zoo,
,Politics,,,,,
,,,,,Assylum,
,,,,,Boycott,
,,,,,Citizen,
,,,,,Civil Rights,
,,,,,Election,
,,,,,Freedom,
,,,,,Flag,
,,,,,Negotiation,
,,,,,Patriotic,
,,,,,Patriotism,
,,,,,President,
,,,,,Protest,
,,,,,Suffrage,
,Religion,,,,,
,,,,,Buddhism,
,,,,,Christian,
,,,,,Church,
,,,,,Faith,
,,,,,Hope,
,,,,,Islam,
,,,,,Meditation,
,,,,,Miracle,
,,,,,Mosque,
,,,,,Muslim,
,,,,,Prayer,
,,,,,Ramadan,
,,,,,Temple,
,,,,,Wisdom,
,Responsibilities,,,,,
,,,,,,
,,,,,,
,,,,,Careers,
,,,,,Chores,
,,,,,Habit,
,,,,,Routine,
,,,,,Rules,
,,,,,Work,
,,,,,Business,
,,,,,Charity,
,,,,,Money,
,,,,,Poverty,
,,,,,Vacation,
,,,,,Wealth,
,Shelter,,,,,
,,,,,Home,
,,,,,Homeless,
,Traditions,,,,,
,,,,,Preparation,
,,,,,Presents,
,Transportation,,,,,
,,,,,Airplane,
,,,,,Bicycle,
,,,,,Boat,
,,,,,Bus,
,,,,,Car,
,,,,,,Keys
,,,,,Carriage,
,,,,,Ferry,
,,,,,Fire Engine,
,,,,,Helicopter,
,,,,,Jeep,
,,,,,Motorcycle,
,,,,,Ship,
,,,,,Snowmobile,
,,,,,Subway,
,,,,,Taxi,
,,,,,Tractor,
,,,,,Train,
,,,,,Trolley,
,,,,,Truck,
,,,,,Wagon,
,Violence,,,,,
,,,,,Child Abuse,
,,,,,Conflict Resolution,
,,,,,Crime,
,,,,,Detective,
,,,,,Gang,
,,,,,Justice,
,,,,,Oppression,
,,,,,Prison,
,,,,,Robbery,